"product_category","total_sum"
"Beauty Products","2621.8999999999996"
"Home Appliances","18646.16"
"Electronics","34982.41000000001"
"Sports","14326.519999999997"
"Books","1861.9300000000007"
"Clothing","8128.930000000001"
